epoch,step,train_loss_epoch,train_loss_step,val_loss
0,49,,0.024775046855211258,
0,63,,,0.020542968064546585
0,63,0.022879131138324738,,
